"","GEO.NAME","ALT.GEO.CODE","VIS.MIN15","VIS.MIN15.ID","V1","V2","share.tech","prop.tech","non.tech.pay","non.vismin.tech.pay","pay.gap","color"
"1","Canada","01","Total - Visible minority",1,935085,75066.7537978129,100,5.05466378730178,45376.3363971822,79421.5909449288,4354.83714711596,"0"
"2","Canada","01","Total visible minority population",2,293705,76310.8957858481,31.4094440612351,7.6499024569391,38668.0695212261,79421.5909449288,3110.69515908067,"0"
"3","Canada","01","South Asian",3,85555,74018.4054117234,9.14943561280525,8.92206295657071,40104.769991756,79421.5909449288,5403.18553320537,"0"
"4","Canada","01","Chinese",4,91365,79643.4500629344,9.77076950223776,11.944464417615,42737.3236804989,79421.5909449288,-221.859118005566,"0"
"5","Canada","01","Black",5,24430,63047.7527629963,2.61259671580658,4.27486526212641,35928.9158760625,79421.5909449288,16373.8381819325,"0"
"6","Canada","01","Filipino",6,16355,69045.7963925405,1.74903885743007,3.40441918797681,37433.6002801423,79421.5909449288,10375.7945523883,"0"
"7","Canada","01","Latin American",7,15720,72857.780216285,1.68113059240604,6.07536231884058,35686.9563428384,79421.5909449288,6563.81072864383,"0"
"8","Canada","01","Arab",8,19010,69967.2974750132,2.03297026473529,9.14184039048787,36036.2238600577,79421.5909449288,9454.29346991566,"0"
"9","Canada","01","Southeast Asian",9,9985,72317.7441161743,1.06781736419684,6.05610310841547,35889.2008522177,79421.5909449288,7103.84682875455,"0"
"10","Canada","01","West Asian",10,12665,68992.5984998026,1.35442232524316,10.1397061766943,33293.0990288667,79421.5909449288,10428.9924451262,"0"
"11","Canada","01","Korean",11,5750,68110.6460869565,0.614917360453862,6.39279559730947,34717.3804263911,79421.5909449288,11310.9448579723,"0"
"12","Canada","01","Japanese",12,2580,84438.2131782946,0.275910746081907,5.53410553410553,45323.4777475023,79421.5909449288,-5016.62223336576,"0"
"13","Canada","01","Visible minority, n.i.e.",13,3440,67458.7572674419,0.367880994775876,4.91744693016939,39025.1128316921,79421.5909449288,11962.833677487,"0"
"14","Canada","01","Multiple visible minorities",14,6750,74520.5451851852,0.721859510098013,6.70540902995083,37729.5070542512,79421.5909449288,4901.04575974363,"0"
"15","Canada","01","Not a visible minority",15,641380,79421.5909449288,68.5905559387649,4.37501470832496,46843.5386692858,79421.5909449288,0,"0"
"16","St. John's","10001","Total - Visible minority",1,6770,92580.4615952733,100,5.82090193886763,53682.2781759256,93447.4634340222,867.001838748882,"1"
"17","St. John's","10001","Total visible minority population",2,460,59665.3586956522,6.79468242245199,10.6481481481481,26090.6062176166,93447.4634340222,33782.10473837,"1"
"18","St. John's","10001","South Asian",3,120,0,1.7725258493353,11.8226600985222,38705.0223463688,93447.4634340222,93447.4634340222,"1"
"19","St. John's","10001","Chinese",4,165,0,2.43722304283604,16.0975609756098,19362.7441860465,93447.4634340222,93447.4634340222,"1"
"20","St. John's","10001","Black",5,20,0,0.295420974889217,2.61437908496732,4361.25503355707,93447.4634340222,93447.4634340222,"1"
"21","St. John's","10001","Filipino",6,0,NA,0,0,NA,93447.4634340222,NA,"1"
"22","St. John's","10001","Latin American",7,50,0,0.738552437223043,18.1818181818182,0,93447.4634340222,93447.4634340222,"1"
"23","St. John's","10001","Arab",8,45,0,0.664697193500739,18.3673469387755,0,93447.4634340222,93447.4634340222,"1"
"24","St. John's","10001","Southeast Asian",9,20,0,0.295420974889217,17.3913043478261,0,93447.4634340222,93447.4634340222,"1"
"25","St. John's","10001","West Asian",10,20,0,0.295420974889217,16,0,93447.4634340222,93447.4634340222,"1"
"26","St. John's","10001","Korean",11,0,NA,0,0,NA,93447.4634340222,NA,"1"
"27","St. John's","10001","Japanese",12,0,NA,0,0,NA,93447.4634340222,NA,"1"
"28","St. John's","10001","Visible minority, n.i.e.",13,10,0,0.147710487444609,16.6666666666667,0,93447.4634340222,93447.4634340222,"1"
"29","St. John's","10001","Multiple visible minorities",14,0,NA,0,0,NA,93447.4634340222,NA,"1"
"30","St. John's","10001","Not a visible minority",15,6290,93447.4634340222,92.9098966026588,5.6198347107438,54090.8488190467,93447.4634340222,0,"1"
"31","Halifax","12205","Total - Visible minority",1,13150,67778.7950570342,100,5.86033245688311,44922.3192577163,69769.8907970057,1991.09573997151,"1"
"32","Halifax","12205","Total visible minority population",2,1795,50559.5961002785,13.6501901140684,8.77107256291229,27303.5870380289,69769.8907970057,19210.2946967272,"1"
"33","Halifax","12205","South Asian",3,825,42108.503030303,6.27376425855513,22.7272727272727,15104.4135472371,69769.8907970057,27661.3877667027,"1"
"34","Halifax","12205","Chinese",4,340,34382.5882352941,2.58555133079848,11.663807890223,15799.6737864078,69769.8907970057,35387.3025617116,"1"
"35","Halifax","12205","Black",5,145,0,1.10266159695818,2.1513353115727,19791.5390447308,69769.8907970057,69769.8907970057,"1"
"36","Halifax","12205","Filipino",6,20,0,0.152091254752852,1.28205128205128,14438.5714285715,69769.8907970057,69769.8907970057,"1"
"37","Halifax","12205","Latin American",7,90,0,0.684410646387833,11.25,0,69769.8907970057,69769.8907970057,"1"
"38","Halifax","12205","Arab",8,175,8033.82857142857,1.33079847908745,7.72626931567329,13406.0119617225,69769.8907970057,61736.0622255772,"1"
"39","Halifax","12205","Southeast Asian",9,25,0,0.190114068441065,5.26315789473684,5061.72222222225,69769.8907970057,69769.8907970057,"1"
"40","Halifax","12205","West Asian",10,50,0,0.380228136882129,8.06451612903226,8307.64035087719,69769.8907970057,69769.8907970057,"1"
"41","Halifax","12205","Korean",11,30,0,0.228136882129278,5.17241379310345,8070.19999999995,69769.8907970057,69769.8907970057,"1"
"42","Halifax","12205","Japanese",12,20,0,0.152091254752852,10.5263157894737,0,69769.8907970057,69769.8907970057,"1"
"43","Halifax","12205","Visible minority, n.i.e.",13,0,NA,0,0,NA,69769.8907970057,NA,"1"
"44","Halifax","12205","Multiple visible minorities",14,20,0,0.152091254752852,4.93827160493827,0,69769.8907970057,69769.8907970057,"1"
"45","Halifax","12205","Not a visible minority",15,11355,69769.8907970057,86.3498098859316,5.56672222766938,45907.2881245944,69769.8907970057,0,"1"
"46","Moncton","13305","Total - Visible minority",1,3450,63631.6826086956,100,4.3279182086182,39777.7176293188,64668.1365030676,1036.45389437192,"1"
"47","Moncton","13305","Total visible minority population",2,180,25686.2222222222,5.21739130434783,5.63380281690141,14644.8126036484,64668.1365030676,38981.9142808453,"1"
"48","Moncton","13305","South Asian",3,60,0,1.73913043478261,25.531914893617,0,64668.1365030676,64668.1365030676,"1"
"49","Moncton","13305","Chinese",4,50,0,1.44927536231884,16.3934426229508,0,64668.1365030676,64668.1365030676,"1"
"50","Moncton","13305","Black",5,30,0,0.869565217391304,2.69058295964126,11653.1244239631,64668.1365030676,64668.1365030676,"1"
"51","Moncton","13305","Filipino",6,0,NA,0,0,NA,64668.1365030676,NA,"1"
"52","Moncton","13305","Latin American",7,10,0,0.289855072463768,6.25,0,64668.1365030676,64668.1365030676,"1"
"53","Moncton","13305","Arab",8,10,0,0.289855072463768,3.38983050847458,2981.05263157899,64668.1365030676,64668.1365030676,"1"
"54","Moncton","13305","Southeast Asian",9,0,NA,0,0,NA,64668.1365030676,NA,"1"
"55","Moncton","13305","West Asian",10,0,NA,0,0,NA,64668.1365030676,NA,"1"
"56","Moncton","13305","Korean",11,10,0,0.289855072463768,3.50877192982456,4117.78181818186,64668.1365030676,64668.1365030676,"1"
"57","Moncton","13305","Japanese",12,0,NA,0,0,NA,64668.1365030676,NA,"1"
"58","Moncton","13305","Visible minority, n.i.e.",13,0,NA,0,0,NA,64668.1365030676,NA,"1"
"59","Moncton","13305","Multiple visible minorities",14,10,0,0.289855072463768,20,0,64668.1365030676,64668.1365030676,"1"
"60","Moncton","13305","Not a visible minority",15,3260,64668.1365030676,94.4927536231884,4.26032409827496,40203.3198880699,64668.1365030676,0,"1"
"61","Saint John","13310","Total - Visible minority",1,3415,72275.925329429,100,5.22810777709737,42069.8416929166,72516.6795069338,240.754177504787,"1"
"62","Saint John","13310","Total visible minority population",2,185,22264.3783783784,5.41727672035139,8.3710407239819,12266.9604938271,72516.6795069338,50252.3011285554,"1"
"63","Saint John","13310","South Asian",3,80,12629.25,2.34260614934114,28.5714285714286,0,72516.6795069338,59887.4295069338,"1"
"64","Saint John","13310","Chinese",4,30,0,0.878477306002928,7.31707317073171,0,72516.6795069338,72516.6795069338,"1"
"65","Saint John","13310","Black",5,20,0,0.585651537335286,3.27868852459016,2920,72516.6795069338,72516.6795069338,"1"
"66","Saint John","13310","Filipino",6,0,NA,0,0,NA,72516.6795069338,NA,"1"
"67","Saint John","13310","Latin American",7,0,NA,0,0,NA,72516.6795069338,NA,"1"
"68","Saint John","13310","Arab",8,20,0,0.585651537335286,18.1818181818182,0,72516.6795069338,72516.6795069338,"1"
"69","Saint John","13310","Southeast Asian",9,10,0,0.292825768667643,8.69565217391304,0,72516.6795069338,72516.6795069338,"1"
"70","Saint John","13310","West Asian",10,0,NA,0,0,NA,72516.6795069338,NA,"1"
"71","Saint John","13310","Korean",11,0,NA,0,0,NA,72516.6795069338,NA,"1"
"72","Saint John","13310","Japanese",12,0,NA,0,0,NA,72516.6795069338,NA,"1"
"73","Saint John","13310","Visible minority, n.i.e.",13,0,NA,0,0,NA,72516.6795069338,NA,"1"
"74","Saint John","13310","Multiple visible minorities",14,0,NA,0,0,NA,72516.6795069338,NA,"1"
"75","Saint John","13310","Not a visible minority",15,3245,72516.6795069338,95.0219619326501,5.14385353095031,42289.7107286096,72516.6795069338,0,"1"
"76","Saguenay","24408","Total - Visible minority",1,3310,63045.084592145,100,4.09754889824214,39841.4526268233,63750.0892307693,705.004638624298,"1"
"77","Saguenay","24408","Total visible minority population",2,85,0,2.56797583081571,9.13978494623656,10004.7218934911,63750.0892307693,63750.0892307693,"1"
"78","Saguenay","24408","South Asian",3,0,NA,0,0,NA,63750.0892307693,NA,"1"
"79","Saguenay","24408","Chinese",4,0,NA,0,0,NA,63750.0892307693,NA,"1"
"80","Saguenay","24408","Black",5,20,0,0.604229607250755,7.40740740740741,0,63750.0892307693,63750.0892307693,"1"
"81","Saguenay","24408","Filipino",6,0,NA,0,0,NA,63750.0892307693,NA,"1"
"82","Saguenay","24408","Latin American",7,0,NA,0,0,NA,63750.0892307693,NA,"1"
"83","Saguenay","24408","Arab",8,10,0,0.302114803625378,9.09090909090909,0,63750.0892307693,63750.0892307693,"1"
"84","Saguenay","24408","Southeast Asian",9,0,NA,0,0,NA,63750.0892307693,NA,"1"
"85","Saguenay","24408","West Asian",10,0,NA,0,0,NA,63750.0892307693,NA,"1"
"86","Saguenay","24408","Korean",11,0,NA,0,0,NA,63750.0892307693,NA,"1"
"87","Saguenay","24408","Japanese",12,0,NA,0,NA,NA,63750.0892307693,NA,"1"
"88","Saguenay","24408","Visible minority, n.i.e.",13,0,NA,0,0,NA,63750.0892307693,NA,"1"
"89","Saguenay","24408","Multiple visible minorities",14,0,NA,0,0,NA,63750.0892307693,NA,"1"
"90","Saguenay","24408","Not a visible minority",15,3250,63750.0892307693,98.1873111782477,4.06987665143072,39875.6854643953,63750.0892307693,0,"1"
"91","Québec","24421","Total - Visible minority",1,29310,65509.2470146708,100,6.60120267561541,43165.4512418616,66507.7243084814,998.477293810676,"1"
"92","Québec","24421","Total visible minority population",2,2005,48041.1271820449,6.84066871374957,10.2741480912119,22965.3123929183,66507.7243084814,18466.5971264366,"1"
"93","Québec","24421","South Asian",3,45,0,0.15353121801433,9,2514.26373626373,66507.7243084814,66507.7243084814,"1"
"94","Québec","24421","Chinese",4,100,0,0.341180484476288,6.87285223367698,7563.35055350559,66507.7243084814,66507.7243084814,"1"
"95","Québec","24421","Black",5,635,32722.4015748031,2.16649607642443,9.57767722473605,16092.2376980818,66507.7243084814,33785.3227336783,"1"
"96","Québec","24421","Filipino",6,0,NA,0,0,NA,66507.7243084814,NA,"1"
"97","Québec","24421","Latin American",7,440,40791.7159090909,1.50119413169567,9.64912280701754,13853.5703883495,66507.7243084814,25716.0083993905,"1"
"98","Québec","24421","Arab",8,570,45465.5,1.94472876151484,15.8113730929265,13464.349258649,66507.7243084814,21042.2243084814,"1"
"99","Québec","24421","Southeast Asian",9,120,19623.0416666667,0.409416581371546,8.33333333333333,10267.7575757576,66507.7243084814,46884.6826418148,"1"
"100","Québec","24421","West Asian",10,40,0,0.136472193790515,11.9402985074627,0,66507.7243084814,66507.7243084814,"1"
"101","Québec","24421","Korean",11,0,NA,0,0,NA,66507.7243084814,NA,"1"
"102","Québec","24421","Japanese",12,0,NA,0,0,NA,66507.7243084814,NA,"1"
"103","Québec","24421","Visible minority, n.i.e.",13,15,0,0.0511770726714432,5.76923076923077,0,66507.7243084814,66507.7243084814,"1"
"104","Québec","24421","Multiple visible minorities",14,30,0,0.102354145342886,8.45070422535211,0,66507.7243084814,66507.7243084814,"1"
"105","Québec","24421","Not a visible minority",15,27295,66507.7243084814,93.1252132378028,6.42908457090365,43837.2756381212,66507.7243084814,0,"1"
"106","Sherbrooke","24433","Total - Visible minority",1,4615,57849.068255688,100,4.24719307933002,37755.9253688308,58865.2623138602,1016.19405817226,"1"
"107","Sherbrooke","24433","Total visible minority population",2,240,16093.2083333333,5.20043336944745,5.39325842696629,14772.8420427553,58865.2623138602,42772.0539805269,"1"
"108","Sherbrooke","24433","South Asian",3,0,NA,0,0,NA,58865.2623138602,NA,"1"
"109","Sherbrooke","24433","Chinese",4,10,0,0.216684723726977,3.17460317460317,1183.57377049176,58865.2623138602,58865.2623138602,"1"
"110","Sherbrooke","24433","Black",5,65,0,1.40845070422535,5.34979423868313,3385.61739130435,58865.2623138602,58865.2623138602,"1"
"111","Sherbrooke","24433","Filipino",6,0,NA,0,0,NA,58865.2623138602,NA,"1"
"112","Sherbrooke","24433","Latin American",7,80,0,1.73347778981582,5.79710144927536,5248.90769230772,58865.2623138602,58865.2623138602,"1"
"113","Sherbrooke","24433","Arab",8,75,0,1.62513542795233,10.4895104895105,2663.21875,58865.2623138602,58865.2623138602,"1"
"114","Sherbrooke","24433","Southeast Asian",9,0,NA,0,0,NA,58865.2623138602,NA,"1"
"115","Sherbrooke","24433","West Asian",10,0,NA,0,0,NA,58865.2623138602,NA,"1"
"116","Sherbrooke","24433","Korean",11,0,NA,0,0,NA,58865.2623138602,NA,"1"
"117","Sherbrooke","24433","Japanese",12,0,NA,0,0,NA,58865.2623138602,NA,"1"
"118","Sherbrooke","24433","Visible minority, n.i.e.",13,0,NA,0,0,NA,58865.2623138602,NA,"1"
"119","Sherbrooke","24433","Multiple visible minorities",14,0,NA,0,0,NA,58865.2623138602,NA,"1"
"120","Sherbrooke","24433","Not a visible minority",15,4365,58865.2623138602,94.5828819068256,4.18926052113825,38133.2901933286,58865.2623138602,0,"1"
"121","Trois-Rivières","24442","Total - Visible minority",1,2745,63252.0746812386,100,3.57514977858817,37241.9074761937,63286.8643122676,34.7896310290162,"1"
"122","Trois-Rivières","24442","Total visible minority population",2,85,0,3.09653916211293,4.1871921182266,9673.76349614398,63286.8643122676,63286.8643122676,"1"
"123","Trois-Rivières","24442","South Asian",3,0,NA,0,0,NA,63286.8643122676,NA,"1"
"124","Trois-Rivières","24442","Chinese",4,0,NA,0,0,NA,63286.8643122676,NA,"1"
"125","Trois-Rivières","24442","Black",5,40,0,1.45719489981785,4.93827160493827,6613.15584415582,63286.8643122676,63286.8643122676,"1"
"126","Trois-Rivières","24442","Filipino",6,0,NA,0,0,NA,63286.8643122676,NA,"1"
"127","Trois-Rivières","24442","Latin American",7,0,NA,0,0,NA,63286.8643122676,NA,"1"
"128","Trois-Rivières","24442","Arab",8,10,0,0.364298724954463,3.33333333333333,0,63286.8643122676,63286.8643122676,"1"
"129","Trois-Rivières","24442","Southeast Asian",9,20,0,0.728597449908925,13.7931034482759,0,63286.8643122676,63286.8643122676,"1"
"130","Trois-Rivières","24442","West Asian",10,0,NA,0,0,NA,63286.8643122676,NA,"1"
"131","Trois-Rivières","24442","Korean",11,0,NA,0,NA,NA,63286.8643122676,NA,"1"
"132","Trois-Rivières","24442","Japanese",12,0,NA,0,0,NA,63286.8643122676,NA,"1"
"133","Trois-Rivières","24442","Visible minority, n.i.e.",13,0,NA,0,0,NA,63286.8643122676,NA,"1"
"134","Trois-Rivières","24442","Multiple visible minorities",14,0,NA,0,0,NA,63286.8643122676,NA,"1"
"135","Trois-Rivières","24442","Not a visible minority",15,2690,63286.8643122676,97.9963570127505,3.59433458043827,37429.7084546085,63286.8643122676,0,"1"
"136","Montréal","24462","Total - Visible minority",1,138150,71600.5199420919,100,6.434874551387,44218.2168779761,75068.6535591006,3468.13361700866,"1"
"137","Montréal","24462","Total visible minority population",2,30930,59460.1121888135,22.3887079261672,7.20533935913713,30739.2743545006,75068.6535591006,15608.5413702871,"1"
"138","Montréal","24462","South Asian",3,3270,60083.0596330275,2.36699239956569,8.50234009360374,27892.8394430235,75068.6535591006,14985.5939260731,"1"
"139","Montréal","24462","Chinese",4,4585,63093.4351145038,3.31885631559899,11.1842907671667,28248.4535841802,75068.6535591006,11975.2184445968,"1"
"140","Montréal","24462","Black",5,6285,53589.677008751,4.54940282301846,4.84897581298461,29725.3905781237,75068.6535591006,21478.9765503496,"1"
"141","Montréal","24462","Filipino",6,540,28328.8425925926,0.390879478827362,2.75862068965517,22881.244024166,75068.6535591006,46739.810966508,"1"
"142","Montréal","24462","Latin American",7,4025,53815.1105590062,2.91349981903728,6.6064833812064,28715.5449912127,75068.6535591006,21253.5430000944,"1"
"143","Montréal","24462","Arab",8,7240,60199.0538674033,5.24068041983351,8.84707032443331,30783.262081909,75068.6535591006,14869.5996916973,"1"
"144","Montréal","24462","Southeast Asian",9,2550,65451.8019607843,1.84581976112921,9.18422474338196,31750.5094189966,75068.6535591006,9616.85159831627,"1"
"145","Montréal","24462","West Asian",10,1155,37594.025974026,0.836047774158523,8.86756238003839,20648.49705139,75068.6535591006,37474.6275850746,"1"
"146","Montréal","24462","Korean",11,285,22596.9298245614,0.206297502714441,10.7344632768362,8156.1814345991,75068.6535591006,52471.7237345392,"1"
"147","Montréal","24462","Japanese",12,110,0,0.079623597538907,5.78947368421053,11197.7374301676,75068.6535591006,75068.6535591006,"1"
"148","Montréal","24462","Visible minority, n.i.e.",13,280,28120.7857142857,0.202678248280854,6.54205607476636,15931.2574999999,75068.6535591006,46947.8678448149,"1"
"149","Montréal","24462","Multiple visible minorities",14,565,42748.0973451327,0.408975750995295,6.92401960784314,20198.8255431205,75068.6535591006,32320.5562139678,"1"
"150","Montréal","24462","Not a visible minority",15,107190,75068.6535591006,77.5895765472313,6.24092085459685,47697.3276409714,75068.6535591006,0,"1"
"151","Ottawa - Gatineau","35505","Total - Visible minority",1,68740,86388.6385656095,100,9.65836043922076,50322.628399238,88808.1063474934,2419.46778188382,"1"
"152","Ottawa - Gatineau","35505","Total visible minority population",2,17780,79099.1940382452,25.8655804480652,13.1101607432532,37797.934826884,88808.1063474934,9708.91230924815,"1"
"153","Ottawa - Gatineau","35505","South Asian",3,3925,77664.7006369427,5.709921443119,19.3827160493827,39736.9234303216,88808.1063474934,11143.4057105507,"1"
"154","Ottawa - Gatineau","35505","Chinese",4,5970,85475.5075376884,8.68489962176317,27.1672354948805,40210.9840674789,88808.1063474934,3332.59880980491,"1"
"155","Ottawa - Gatineau","35505","Black",5,1970,59808.5583756345,2.86587139947629,5.492820298341,31508.750553179,88808.1063474934,28999.5479718588,"1"
"156","Ottawa - Gatineau","35505","Filipino",6,370,45821.6756756757,0.538260110561536,4.73751600512164,24759.9139784946,88808.1063474934,42986.4306718177,"1"
"157","Ottawa - Gatineau","35505","Latin American",7,810,71329.6543209877,1.17835321501309,8.51735015772871,24928.5821839081,88808.1063474934,17478.4520265057,"1"
"158","Ottawa - Gatineau","35505","Arab",8,2005,73776.897755611,2.9167878964213,10.1776649746193,30792.7386267307,88808.1063474934,15031.2085918824,"1"
"159","Ottawa - Gatineau","35505","Southeast Asian",9,1120,70832.4375,1.62932790224033,15.0841750841751,22072.5646312451,88808.1063474934,17975.6688474934,"1"
"160","Ottawa - Gatineau","35505","West Asian",10,785,63376.7707006369,1.1419842886238,15.4679802955665,19501.4836829837,88808.1063474934,25431.3356468564,"1"
"161","Ottawa - Gatineau","35505","Korean",11,240,24973.3333333333,0.349141693337213,16.7247386759582,6313.41422594141,88808.1063474934,63834.77301416,"1"
"162","Ottawa - Gatineau","35505","Japanese",12,195,0,0.283677625836485,17.4107142857143,3495.77837837837,88808.1063474934,88808.1063474934,"1"
"163","Ottawa - Gatineau","35505","Visible minority, n.i.e.",13,120,0,0.174570846668606,7.61904761904762,9918.39518900344,88808.1063474934,88808.1063474934,"1"
"164","Ottawa - Gatineau","35505","Multiple visible minorities",14,355,46079.5352112676,0.51643875472796,10.0852272727273,15358.1737756714,88808.1063474934,42728.5711362258,"1"
"165","Ottawa - Gatineau","35505","Not a visible minority",15,50965,88808.1063474934,74.1416933372127,8.84624730958828,52944.5218268891,88808.1063474934,0,"1"
"166","Kingston","35521","Total - Visible minority",1,3415,63886.7247437774,100,4.08933061908753,43289.9225294963,64342.14495114,455.420207362593,"1"
"167","Kingston","35521","Total visible minority population",2,335,28579.3731343284,9.80966325036603,5.36858974358974,26294.0812870449,64342.14495114,35762.7718168117,"1"
"168","Kingston","35521","South Asian",3,90,0,2.63543191800878,6.45161290322581,18248.091954023,64342.14495114,64342.14495114,"1"
"169","Kingston","35521","Chinese",4,90,0,2.63543191800878,7.17131474103586,22339.1502145922,64342.14495114,64342.14495114,"1"
"170","Kingston","35521","Black",5,45,0,1.31771595900439,4.83870967741935,6700.3672316384,64342.14495114,64342.14495114,"1"
"171","Kingston","35521","Filipino",6,10,0,0.292825768667643,1.81818181818182,14461.9351851852,64342.14495114,64342.14495114,"1"
"172","Kingston","35521","Latin American",7,30,0,0.878477306002928,5.55555555555556,2752.25490196084,64342.14495114,64342.14495114,"1"
"173","Kingston","35521","Arab",8,30,0,0.878477306002928,8.69565217391304,19896.6349206349,64342.14495114,64342.14495114,"1"
"174","Kingston","35521","Southeast Asian",9,30,0,0.878477306002928,8.69565217391304,3688.06349206355,64342.14495114,64342.14495114,"1"
"175","Kingston","35521","West Asian",10,30,0,0.878477306002928,13.953488372093,23153.2432432432,64342.14495114,64342.14495114,"1"
"176","Kingston","35521","Korean",11,0,NA,0,0,NA,64342.14495114,NA,"1"
"177","Kingston","35521","Japanese",12,10,0,0.292825768667643,12.5,0,64342.14495114,64342.14495114,"1"
"178","Kingston","35521","Visible minority, n.i.e.",13,0,NA,0,0,NA,64342.14495114,NA,"1"
"179","Kingston","35521","Multiple visible minorities",14,10,0,0.292825768667643,4.34782608695652,0,64342.14495114,64342.14495114,"1"
"180","Kingston","35521","Not a visible minority",15,3070,64342.14495114,89.8975109809663,3.97848765632087,42979.4054929483,64342.14495114,0,"1"
"181","Belleville","35522","Total - Visible minority",1,1470,53080.7006802721,100,2.87530562347188,38341.7341657437,53839.3816793894,758.680999117285,"1"
"182","Belleville","35522","Total visible minority population",2,100,36008.1,6.80272108843537,5.1150895140665,16716.1455525607,53839.3816793894,17831.2816793894,"1"
"183","Belleville","35522","South Asian",3,50,0,3.40136054421769,10,8229.58888888895,53839.3816793894,53839.3816793894,"1"
"184","Belleville","35522","Chinese",4,40,0,2.72108843537415,14.0350877192982,0,53839.3816793894,53839.3816793894,"1"
"185","Belleville","35522","Black",5,10,0,0.680272108843537,3.27868852459016,4144.67796610168,53839.3816793894,53839.3816793894,"1"
"186","Belleville","35522","Filipino",6,0,NA,0,0,NA,53839.3816793894,NA,"1"
"187","Belleville","35522","Latin American",7,10,0,0.680272108843537,3.63636363636364,0,53839.3816793894,53839.3816793894,"1"
"188","Belleville","35522","Arab",8,10,0,0.680272108843537,12.5,0,53839.3816793894,53839.3816793894,"1"
"189","Belleville","35522","Southeast Asian",9,10,0,0.680272108843537,5.88235294117647,0,53839.3816793894,53839.3816793894,"1"
"190","Belleville","35522","West Asian",10,0,NA,0,0,NA,53839.3816793894,NA,"1"
"191","Belleville","35522","Korean",11,0,NA,0,0,NA,53839.3816793894,NA,"1"
"192","Belleville","35522","Japanese",12,0,NA,0,0,NA,53839.3816793894,NA,"1"
"193","Belleville","35522","Visible minority, n.i.e.",13,0,NA,0,0,NA,53839.3816793894,NA,"1"
"194","Belleville","35522","Multiple visible minorities",14,0,NA,0,0,NA,53839.3816793894,NA,"1"
"195","Belleville","35522","Not a visible minority",15,1310,53839.3816793894,89.1156462585034,2.66422615415904,38298.4825532804,53839.3816793894,0,"1"
"196","Peterborough","35529","Total - Visible minority",1,2080,59825.5,100,3.45199568500539,40510.1427589171,57315.0026109661,-2510.4973890339,"1"
"197","Peterborough","35529","Total visible minority population",2,160,17889.5625,7.69230769230769,6.11854684512428,13861.2688391039,57315.0026109661,39425.4401109661,"1"
"198","Peterborough","35529","South Asian",3,35,0,1.68269230769231,4.16666666666667,6749.42857142852,57315.0026109661,57315.0026109661,"1"
"199","Peterborough","35529","Chinese",4,40,0,1.92307692307692,8.79120879120879,0,57315.0026109661,57315.0026109661,"1"
"200","Peterborough","35529","Black",5,0,NA,0,0,NA,57315.0026109661,NA,"1"
"201","Peterborough","35529","Filipino",6,30,0,1.44230769230769,9.83606557377049,3367.19999999995,57315.0026109661,57315.0026109661,"1"
"202","Peterborough","35529","Latin American",7,0,NA,0,0,NA,57315.0026109661,NA,"1"
"203","Peterborough","35529","Arab",8,10,0,0.480769230769231,11.1111111111111,0,57315.0026109661,57315.0026109661,"1"
"204","Peterborough","35529","Southeast Asian",9,0,NA,0,0,NA,57315.0026109661,NA,"1"
"205","Peterborough","35529","West Asian",10,0,NA,0,0,NA,57315.0026109661,NA,"1"
"206","Peterborough","35529","Korean",11,0,NA,0,0,NA,57315.0026109661,NA,"1"
"207","Peterborough","35529","Japanese",12,0,NA,0,0,NA,57315.0026109661,NA,"1"
"208","Peterborough","35529","Visible minority, n.i.e.",13,0,NA,0,0,NA,57315.0026109661,NA,"1"
"209","Peterborough","35529","Multiple visible minorities",14,0,NA,0,0,NA,57315.0026109661,NA,"1"
"210","Peterborough","35529","Not a visible minority",15,1915,57315.0026109661,92.0673076923077,3.32465277777778,40733.7350273862,57315.0026109661,0,"1"
"211","Oshawa","35532","Total - Visible minority",1,9820,81116.7902240326,100,4.91110499862469,50031.1546795699,83276.051608579,2159.26138454641,"1"
"212","Oshawa","35532","Total visible minority population",2,2335,71795.3190578158,23.7780040733198,7.48637383776852,37570.6198232542,83276.051608579,11480.7325507632,"1"
"213","Oshawa","35532","South Asian",3,790,59392.8101265823,8.04480651731161,10.0958466453674,24271.5238095238,83276.051608579,23883.2414819967,"1"
"214","Oshawa","35532","Chinese",4,325,50143.1692307692,3.30957230142566,11.6279069767442,16533.4129554656,83276.051608579,33132.8823778098,"1"
"215","Oshawa","35532","Black",5,440,44070.5,4.4806517311609,4.3956043956044,31054.6034482758,83276.051608579,39205.551608579,"1"
"216","Oshawa","35532","Filipino",6,190,44208.5789473684,1.93482688391039,6.79785330948122,18693.3723608445,83276.051608579,39067.4726612106,"1"
"217","Oshawa","35532","Latin American",7,165,15295.0303030303,1.68024439918534,8.82352941176471,8578.08504398831,83276.051608579,67981.0213055487,"1"
"218","Oshawa","35532","Arab",8,150,12447.4,1.52749490835031,15,4194.42352941178,83276.051608579,70828.651608579,"1"
"219","Oshawa","35532","Southeast Asian",9,20,0,0.203665987780041,3.10077519379845,2874.75199999998,83276.051608579,83276.051608579,"1"
"220","Oshawa","35532","West Asian",10,60,0,0.610997963340122,6.9364161849711,3616.98136645963,83276.051608579,83276.051608579,"1"
"221","Oshawa","35532","Korean",11,30,0,0.305498981670061,8.57142857142857,5712.28125,83276.051608579,83276.051608579,"1"
"222","Oshawa","35532","Japanese",12,30,0,0.305498981670061,7.40740740740741,0,83276.051608579,83276.051608579,"1"
"223","Oshawa","35532","Visible minority, n.i.e.",13,95,0,0.967413441955194,6.35451505016722,7106.40357142861,83276.051608579,83276.051608579,"1"
"224","Oshawa","35532","Multiple visible minorities",14,75,0,0.763747454175153,5.35714285714286,4316.7132075472,83276.051608579,83276.051608579,"1"
"225","Oshawa","35532","Not a visible minority",15,7460,83276.051608579,75.9674134419552,4.41916948048101,51358.2726061358,83276.051608579,0,"1"
"226","Toronto","35535","Total - Visible minority",1,233690,75649.9330372502,100,7.48434289813716,45844.1935347997,87573.583796161,11923.6507589108,"1"
"227","Toronto","35535","Total visible minority population",2,131045,72509.8357370969,56.0764260344901,8.72229044571573,40076.8319782407,87573.583796161,15063.748059064,"1"
"228","Toronto","35535","South Asian",3,48590,69621.0714138712,20.792502888442,10.2392818383926,40064.1744315714,87573.583796161,17952.5123822898,"1"
"229","Toronto","35535","Chinese",4,42010,78571.566055701,17.9768068809106,13.5996503779479,44715.5252627438,87573.583796161,9002.01774045997,"1"
"230","Toronto","35535","Black",5,8555,63379.9082407949,3.66083272711712,3.96037312223688,37431.821098043,87573.583796161,24193.6755553661,"1"
"231","Toronto","35535","Filipino",6,6465,67591.2273781903,2.7664855149985,4.13244271149605,36708.0482064275,87573.583796161,19982.3564179707,"1"
"232","Toronto","35535","Latin American",7,4180,71266.8983253589,1.78869442423724,5.48520438291451,36095.5982644915,87573.583796161,16306.6854708021,"1"
"233","Toronto","35535","Arab",8,4300,68986.6162790698,1.84004450340194,10.1188375102953,37470.1979316664,87573.583796161,18586.9675170912,"1"
"234","Toronto","35535","Southeast Asian",9,2645,69202.1247637051,1.13184132825538,6.20091431250733,34309.6567108223,87573.583796161,18371.4590324559,"1"
"235","Toronto","35535","West Asian",10,5730,63341.760034904,2.45196628011468,10.2020831478679,32302.8601169823,87573.583796161,24231.823761257,"1"
"236","Toronto","35535","Korean",11,2600,65622.5788461538,1.11258504856862,7.7128448531593,37359.0061073609,87573.583796161,21951.0049500071,"1"
"237","Toronto","35535","Japanese",12,765,58351.137254902,0.327356754674997,7.44163424124514,42874.4608512875,87573.583796161,29222.446541259,"1"
"238","Toronto","35535","Visible minority, n.i.e.",13,2220,67360.795045045,0.94997646454705,5.19845451352301,37600.2803507472,87573.583796161,20212.7887511159,"1"
"239","Toronto","35535","Multiple visible minorities",14,2915,72623.6706689537,1.24737900637597,6.9537213740458,37582.2727855403,87573.583796161,14949.9131272073,"1"
"240","Toronto","35535","Not a visible minority",15,102630,87573.583796161,43.9171552056143,6.3356544929254,57775.3406225983,87573.583796161,0,"1"
"241","Hamilton","35537","Total - Visible minority",1,18070,78425.2125069175,100,4.62580157947957,50131.9503710761,80412.7950907149,1987.5825837974,"1"
"242","Hamilton","35537","Total visible minority population",2,4000,69595.4275,22.1361372440509,6.50300764103398,36278.9667014432,80412.7950907149,10817.3675907149,"1"
"243","Hamilton","35537","South Asian",3,1375,66541.3963636364,7.6092971776425,9.01343821697804,31628.8948126801,80412.7950907149,13871.3987270786,"1"
"244","Hamilton","35537","Chinese",4,830,60308.6626506024,4.59324847814056,12.5567322239032,25361.7560553633,80412.7950907149,20104.1324401125,"1"
"245","Hamilton","35537","Black",5,365,24075.397260274,2.01992252351965,3.46299810246679,25536.9857493858,80412.7950907149,56337.397830441,"1"
"246","Hamilton","35537","Filipino",6,235,21181.7021276596,1.30049806308799,3.54182366239638,25454.6046875,80412.7950907149,59231.0929630554,"1"
"247","Hamilton","35537","Latin American",7,230,27252.652173913,1.27282789153293,3.6078431372549,18512.4971521562,80412.7950907149,53160.1429168019,"1"
"248","Hamilton","35537","Arab",8,285,43812.0877192982,1.57719977863863,7.5,16010.6642958748,80412.7950907149,36600.7073714167,"1"
"249","Hamilton","35537","Southeast Asian",9,170,8287.05882352941,0.940785832872164,4.42708333333333,14459.0572207085,80412.7950907149,72125.7362671855,"1"
"250","Hamilton","35537","West Asian",10,170,16441.9705882353,0.940785832872164,6.43939393939394,12282.0728744939,80412.7950907149,63970.8245024796,"1"
"251","Hamilton","35537","Korean",11,105,0,0.581073602656336,7.04697986577181,10524.844765343,80412.7950907149,80412.7950907149,"1"
"252","Hamilton","35537","Japanese",12,30,0,0.166021029330382,3.8961038961039,5402.51351351349,80412.7950907149,80412.7950907149,"1"
"253","Hamilton","35537","Visible minority, n.i.e.",13,40,0,0.221361372440509,2.61437908496732,8468.09731543623,80412.7950907149,80412.7950907149,"1"
"254","Hamilton","35537","Multiple visible minorities",14,110,0,0.6087437742114,5.64102564102564,7131.01630434778,80412.7950907149,80412.7950907149,"1"
"255","Hamilton","35537","Not a visible minority",15,14055,80412.7950907149,77.7808522412839,4.27203647416413,52366.4731302292,80412.7950907149,0,"1"
"256","St. Catharines - Niagara","35539","Total - Visible minority",1,5865,66588.7774936061,100,2.88263049248009,40602.8652546876,67330.7094339624,741.931940356226,"1"
"257","St. Catharines - Niagara","35539","Total visible minority population",2,610,34421.1557377049,10.4006820119352,3.52601156069364,23863.7240862792,67330.7094339624,32909.5536962574,"1"
"258","St. Catharines - Niagara","35539","South Asian",3,170,16998.0588235294,2.89855072463768,5.71428571428571,12933.6809269162,67330.7094339624,50332.6506104329,"1"
"259","St. Catharines - Niagara","35539","Chinese",4,75,0,1.27877237851662,3.125,18219.8946236559,67330.7094339624,67330.7094339624,"1"
"260","St. Catharines - Niagara","35539","Black",5,85,25067.2941176471,1.44927536231884,2.77777777777778,12622.4487394958,67330.7094339624,42263.4153163153,"1"
"261","St. Catharines - Niagara","35539","Filipino",6,20,0,0.341005967604433,0.925925925925926,19168.2990654205,67330.7094339624,67330.7094339624,"1"
"262","St. Catharines - Niagara","35539","Latin American",7,60,0,1.0230179028133,2.47422680412371,10899.6765327696,67330.7094339624,67330.7094339624,"1"
"263","St. Catharines - Niagara","35539","Arab",8,30,0,0.51150895140665,3.75,4870.25324675324,67330.7094339624,67330.7094339624,"1"
"264","St. Catharines - Niagara","35539","Southeast Asian",9,20,0,0.341005967604433,1.95121951219512,8613.27860696521,67330.7094339624,67330.7094339624,"1"
"265","St. Catharines - Niagara","35539","West Asian",10,0,NA,0,0,NA,67330.7094339624,NA,"1"
"266","St. Catharines - Niagara","35539","Korean",11,20,0,0.341005967604433,3.6697247706422,6415.62857142859,67330.7094339624,67330.7094339624,"1"
"267","St. Catharines - Niagara","35539","Japanese",12,10,0,0.170502983802217,2.8169014084507,0,67330.7094339624,67330.7094339624,"1"
"268","St. Catharines - Niagara","35539","Visible minority, n.i.e.",13,20,0,0.341005967604433,8.33333333333333,0,67330.7094339624,67330.7094339624,"1"
"269","St. Catharines - Niagara","35539","Multiple visible minorities",14,40,0,0.682011935208866,5.22875816993464,1099.0068965517,67330.7094339624,67330.7094339624,"1"
"270","St. Catharines - Niagara","35539","Not a visible minority",15,5300,67330.7094339624,90.3665814151748,2.84831385194142,41534.1292767252,67330.7094339624,0,"1"
"271","Kitchener - Cambridge - Waterloo","35541","Total - Visible minority",1,20180,81387.7289395441,100,6.99564938554071,46436.3190450454,85778.8071917808,4391.07825223666,"1"
"272","Kitchener - Cambridge - Waterloo","35541","Total visible minority population",2,5580,68274.3001792115,27.6511397423191,11.8446189768627,32858.1219600289,85778.8071917808,17504.5070125693,"1"
"273","Kitchener - Cambridge - Waterloo","35541","South Asian",3,1925,69244.9220779221,9.53914767096135,15.0862068965517,27200.6211352099,85778.8071917808,16533.8851138587,"1"
"274","Kitchener - Cambridge - Waterloo","35541","Chinese",4,1810,65040.3867403315,8.96927651139742,26.0619150467963,20922.4926971763,85778.8071917808,20738.4204514493,"1"
"275","Kitchener - Cambridge - Waterloo","35541","Black",5,305,23674.7213114754,1.51139742319128,4.46559297218155,20857.6367816092,85778.8071917808,62104.0858803054,"1"
"276","Kitchener - Cambridge - Waterloo","35541","Filipino",6,170,16950.0882352941,0.842418235877106,7.64044943820225,15078.3795620438,85778.8071917808,68828.7189564866,"1"
"277","Kitchener - Cambridge - Waterloo","35541","Latin American",7,320,25703.90625,1.58572844400396,5.76057605760576,18249.2874880611,85778.8071917808,60074.9009417808,"1"
"278","Kitchener - Cambridge - Waterloo","35541","Arab",8,290,43709.275862069,1.43706640237859,13.0337078651685,8249.85529715766,85778.8071917808,42069.5313297118,"1"
"279","Kitchener - Cambridge - Waterloo","35541","Southeast Asian",9,195,28571.7692307692,0.966303270564916,4.67625899280576,20400.3610062893,85778.8071917808,57207.0379610115,"1"
"280","Kitchener - Cambridge - Waterloo","35541","West Asian",10,215,30115.511627907,1.06541129831516,11.5281501340483,11991.7333333333,85778.8071917808,55663.2955638738,"1"
"281","Kitchener - Cambridge - Waterloo","35541","Korean",11,140,0,0.693756194251734,13.4615384615385,6431.2111111111,85778.8071917808,85778.8071917808,"1"
"282","Kitchener - Cambridge - Waterloo","35541","Japanese",12,30,0,0.148662041625372,7.89473684210526,3837.5,85778.8071917808,85778.8071917808,"1"
"283","Kitchener - Cambridge - Waterloo","35541","Visible minority, n.i.e.",13,75,0,0.371655104063429,4.0983606557377,9201.07977207983,85778.8071917808,85778.8071917808,"1"
"284","Kitchener - Cambridge - Waterloo","35541","Multiple visible minorities",14,155,12825.0322580645,0.76808721506442,11.6981132075472,5679.98717948713,85778.8071917808,72953.7749337163,"1"
"285","Kitchener - Cambridge - Waterloo","35541","Not a visible minority",15,14600,85778.8071917808,72.3488602576809,6.0528170473861,48395.1116234941,85778.8071917808,0,"1"
"286","Brantford","35543","Total - Visible minority",1,1905,65553.1391076116,100,2.73569325770087,42079.8450465082,64568.6081871346,-984.530920476944,"1"
"287","Brantford","35543","Total visible minority population",2,185,11358.9189189189,9.71128608923885,3.77936670071502,17522.5106157112,64568.6081871346,53209.6892682157,"1"
"288","Brantford","35543","South Asian",3,65,0,3.41207349081365,4.36241610738255,12586.2105263158,64568.6081871346,64568.6081871346,"1"
"289","Brantford","35543","Chinese",4,20,0,1.0498687664042,5.55555555555556,8456.67647058819,64568.6081871346,64568.6081871346,"1"
"290","Brantford","35543","Black",5,30,0,1.5748031496063,2.98507462686567,3667.18974358973,64568.6081871346,64568.6081871346,"1"
"291","Brantford","35543","Filipino",6,20,0,1.0498687664042,4.08163265306122,8424.03191489365,64568.6081871346,64568.6081871346,"1"
"292","Brantford","35543","Latin American",7,20,0,1.0498687664042,6.45161290322581,0,64568.6081871346,64568.6081871346,"1"
"293","Brantford","35543","Arab",8,0,NA,0,0,NA,64568.6081871346,NA,"1"
"294","Brantford","35543","Southeast Asian",9,0,NA,0,0,NA,64568.6081871346,NA,"1"
"295","Brantford","35543","West Asian",10,0,NA,0,0,NA,64568.6081871346,NA,"1"
"296","Brantford","35543","Korean",11,0,NA,0,0,NA,64568.6081871346,NA,"1"
"297","Brantford","35543","Japanese",12,0,NA,0,0,NA,64568.6081871346,NA,"1"
"298","Brantford","35543","Visible minority, n.i.e.",13,0,NA,0,0,NA,64568.6081871346,NA,"1"
"299","Brantford","35543","Multiple visible minorities",14,0,NA,0,0,NA,64568.6081871346,NA,"1"
"300","Brantford","35543","Not a visible minority",15,1710,64568.6081871346,89.7637795275591,2.64439805149617,42460.4565165595,64568.6081871346,0,"1"
"301","Guelph","35550","Total - Visible minority",1,3870,75166.7519379845,100,4.45955289237151,48307.889639368,75495.6666666667,328.914728682255,"1"
"302","Guelph","35550","Total visible minority population",2,730,55539.2534246575,18.8630490956072,5.50320392009046,31507.3570003989,75495.6666666667,19956.4132420092,"1"
"303","Guelph","35550","South Asian",3,245,47002.5102040816,6.33074935400517,7.22713864306785,17635.4976152623,75495.6666666667,28493.1564625851,"1"
"304","Guelph","35550","Chinese",4,250,40075.62,6.45994832041344,12.2249388753056,19095.6406685237,75495.6666666667,35420.0466666667,"1"
"305","Guelph","35550","Black",5,30,0,0.775193798449612,2.04778156996587,8966.36933797912,75495.6666666667,75495.6666666667,"1"
"306","Guelph","35550","Filipino",6,85,16938.2352941176,2.19638242894057,4.65753424657534,21851.9942528736,75495.6666666667,58557.4313725491,"1"
"307","Guelph","35550","Latin American",7,65,0,1.67958656330749,7.38636363636364,1501.69325153378,75495.6666666667,75495.6666666667,"1"
"308","Guelph","35550","Arab",8,30,0,0.775193798449612,8.21917808219178,0,75495.6666666667,75495.6666666667,"1"
"309","Guelph","35550","Southeast Asian",9,30,0,0.775193798449612,2.26415094339623,23112.9382239382,75495.6666666667,75495.6666666667,"1"
"310","Guelph","35550","West Asian",10,20,0,0.516795865633075,2.4390243902439,9136.19999999995,75495.6666666667,75495.6666666667,"1"
"311","Guelph","35550","Korean",11,0,NA,0,0,NA,75495.6666666667,NA,"1"
"312","Guelph","35550","Japanese",12,0,NA,0,0,NA,75495.6666666667,NA,"1"
"313","Guelph","35550","Visible minority, n.i.e.",13,0,NA,0,0,NA,75495.6666666667,NA,"1"
"314","Guelph","35550","Multiple visible minorities",14,30,0,0.775193798449612,4.65116279069767,10571.6097560975,75495.6666666667,75495.6666666667,"1"
"315","Guelph","35550","Not a visible minority",15,3150,75495.6666666667,81.3953488372093,4.28047289033836,49509.9467632028,75495.6666666667,0,"1"
"316","London","35555","Total - Visible minority",1,10995,68631.5848112778,100,4.31294865257129,44244.6600118884,71492.8725761774,2861.28776489951,"1"
"317","London","35555","Total visible minority population",2,1990,52065.8065326633,18.0991359708959,5.9182156133829,31779.3421842896,71492.8725761774,19427.066043514,"1"
"318","London","35555","South Asian",3,425,36185.8117647059,3.86539336061846,7.98872180451128,27284.4136874361,71492.8725761774,35307.0608114715,"1"
"319","London","35555","Chinese",4,420,47516.619047619,3.81991814461119,9.9290780141844,20995.3779527559,71492.8725761774,23976.2535285583,"1"
"320","London","35555","Black",5,195,16325,1.77353342428377,3.8160469667319,17642.4425228891,71492.8725761774,55167.8725761774,"1"
"321","London","35555","Filipino",6,35,0,0.318326512050932,1.67464114832536,18177.0754257907,71492.8725761774,71492.8725761774,"1"
"322","London","35555","Latin American",7,195,0,1.77353342428377,3.87288977159881,17944.9400826446,71492.8725761774,71492.8725761774,"1"
"323","London","35555","Arab",8,370,27205.4864864865,3.36516598453843,8.52534562211981,16912.8110831234,71492.8725761774,44287.3860896909,"1"
"324","London","35555","Southeast Asian",9,70,0,0.636653024101865,2.73972602739726,17616.0181086519,71492.8725761774,71492.8725761774,"1"
"325","London","35555","West Asian",10,120,0,1.09140518417462,8.13559322033898,7734.40221402212,71492.8725761774,71492.8725761774,"1"
"326","London","35555","Korean",11,80,0,0.727603456116417,6.08365019011407,6181.55060728744,71492.8725761774,71492.8725761774,"1"
"327","London","35555","Japanese",12,0,NA,0,0,NA,71492.8725761774,NA,"1"
"328","London","35555","Visible minority, n.i.e.",13,10,0,0.0909504320145521,1.51515151515152,2585.11538461538,71492.8725761774,71492.8725761774,"1"
"329","London","35555","Multiple visible minorities",14,30,0,0.272851296043656,3.15789473684211,2112.33695652173,71492.8725761774,71492.8725761774,"1"
"330","London","35555","Not a visible minority",15,9025,71492.8725761774,82.0827648931332,4.07651655449659,45561.3647022814,71492.8725761774,0,"1"
"331","Windsor","35559","Total - Visible minority",1,7065,88750.1054493984,100,4.45151534244849,45186.6387286095,93774.1237322516,5024.01828285314,"1"
"332","Windsor","35559","Total visible minority population",2,2140,74027.5373831776,30.2901627742392,8.31713952584532,30853.625476897,93774.1237322516,19746.586349074,"1"
"333","Windsor","35559","South Asian",3,790,65169.5316455696,11.1818825194621,15.6746031746032,21730.3694117647,93774.1237322516,28604.592086682,"1"
"334","Windsor","35559","Chinese",4,485,57454.1030927835,6.86482661004954,13.7199434229137,19546.3655737705,93774.1237322516,36320.0206394681,"1"
"335","Windsor","35559","Black",5,165,0,2.33545647558386,3.74149659863946,16605.1849234393,93774.1237322516,93774.1237322516,"1"
"336","Windsor","35559","Filipino",6,110,25531.9090909091,1.55697098372258,5.58375634517767,16247.9139784946,93774.1237322516,68242.2146413425,"1"
"337","Windsor","35559","Latin American",7,80,0,1.13234253361642,4.76190476190476,8801.59687500005,93774.1237322516,93774.1237322516,"1"
"338","Windsor","35559","Arab",8,280,36321.9464285714,3.96319886765747,5.17082179132041,16936.8383641675,93774.1237322516,57452.1773036802,"1"
"339","Windsor","35559","Southeast Asian",9,70,40177,0.990799716914367,4.3613707165109,16821.5016286646,93774.1237322516,53597.1237322516,"1"
"340","Windsor","35559","West Asian",10,40,0,0.56617126680821,6.45161290322581,3038.10344827583,93774.1237322516,93774.1237322516,"1"
"341","Windsor","35559","Korean",11,30,155315,0.424628450106157,19.3548387096774,0,93774.1237322516,-61540.8762677484,"1"
"342","Windsor","35559","Japanese",12,10,0,0.141542816702052,12.5,0,93774.1237322516,93774.1237322516,"1"
"343","Windsor","35559","Visible minority, n.i.e.",13,30,0,0.424628450106157,5.17241379310345,3983.0636363636,93774.1237322516,93774.1237322516,"1"
"344","Windsor","35559","Multiple visible minorities",14,30,0,0.424628450106157,4.34782608695652,5232.19696969702,93774.1237322516,93774.1237322516,"1"
"345","Windsor","35559","Not a visible minority",15,4930,93774.1237322516,69.7806086341118,3.70983520204681,46747.4208737105,93774.1237322516,0,"1"
"346","Barrie","35568","Total - Visible minority",1,3910,69819.8465473146,100,3.58386801099908,45377.6616123206,68968.8669527897,-850.979594524862,"1"
"347","Barrie","35568","Total visible minority population",2,400,37489.2,10.230179028133,4.69208211143695,25039.8196923077,68968.8669527897,31479.6669527897,"1"
"348","Barrie","35568","South Asian",3,150,15145.2,3.83631713554987,8.98203592814371,7207.90789473685,68968.8669527897,53823.6669527897,"1"
"349","Barrie","35568","Chinese",4,75,0,1.91815856777494,7.42574257425743,5585.80213903741,68968.8669527897,68968.8669527897,"1"
"350","Barrie","35568","Black",5,50,0,1.27877237851662,2.48756218905473,11376.0790816327,68968.8669527897,68968.8669527897,"1"
"351","Barrie","35568","Filipino",6,10,0,0.255754475703325,1.26582278481013,13308.2371794871,68968.8669527897,68968.8669527897,"1"
"352","Barrie","35568","Latin American",7,50,0,1.27877237851662,4.8780487804878,6243.15897435893,68968.8669527897,68968.8669527897,"1"
"353","Barrie","35568","Arab",8,40,0,1.0230179028133,16.3265306122449,0,68968.8669527897,68968.8669527897,"1"
"354","Barrie","35568","Southeast Asian",9,10,0,0.255754475703325,2.38095238095238,3190.82926829264,68968.8669527897,68968.8669527897,"1"
"355","Barrie","35568","West Asian",10,10,0,0.255754475703325,5.55555555555556,0,68968.8669527897,68968.8669527897,"1"
"356","Barrie","35568","Korean",11,0,NA,0,0,NA,68968.8669527897,NA,"1"
"357","Barrie","35568","Japanese",12,10,0,0.255754475703325,7.40740740740741,0,68968.8669527897,68968.8669527897,"1"
"358","Barrie","35568","Visible minority, n.i.e.",13,0,NA,0,0,NA,68968.8669527897,NA,"1"
"359","Barrie","35568","Multiple visible minorities",14,40,0,1.0230179028133,10.6666666666667,0,68968.8669527897,68968.8669527897,"1"
"360","Barrie","35568","Not a visible minority",15,3495,68968.8669527897,89.386189258312,3.47467316200229,45881.4008651767,68968.8669527897,0,"1"
"361","Greater Sudbury","35580","Total - Visible minority",1,2560,75262.966796875,100,2.99485259709874,48779.6761336229,73612.098253275,-1650.86854359997,"1"
"362","Greater Sudbury","35580","Total visible minority population",2,290,25597.3448275862,11.328125,9.69899665551839,21735.25,73612.098253275,48014.7534256888,"1"
"363","Greater Sudbury","35580","South Asian",3,120,0,4.6875,14.8148148148148,26918.6739130435,73612.098253275,73612.098253275,"1"
"364","Greater Sudbury","35580","Chinese",4,50,0,1.953125,10,7781.87777777773,73612.098253275,73612.098253275,"1"
"365","Greater Sudbury","35580","Black",5,25,0,0.9765625,3.47222222222222,5781.48920863308,73612.098253275,73612.098253275,"1"
"366","Greater Sudbury","35580","Filipino",6,0,NA,0,0,NA,73612.098253275,NA,"1"
"367","Greater Sudbury","35580","Latin American",7,30,0,1.171875,15,0,73612.098253275,73612.098253275,"1"
"368","Greater Sudbury","35580","Arab",8,10,0,0.390625,4.44444444444444,13831.0465116279,73612.098253275,73612.098253275,"1"
"369","Greater Sudbury","35580","Southeast Asian",9,10,0,0.390625,5.12820512820513,10087.9189189189,73612.098253275,73612.098253275,"1"
"370","Greater Sudbury","35580","West Asian",10,0,NA,0,0,NA,73612.098253275,NA,"1"
"371","Greater Sudbury","35580","Korean",11,0,NA,0,0,NA,73612.098253275,NA,"1"
"372","Greater Sudbury","35580","Japanese",12,0,NA,0,0,NA,73612.098253275,NA,"1"
"373","Greater Sudbury","35580","Visible minority, n.i.e.",13,10,0,0.390625,33.3333333333333,0,73612.098253275,73612.098253275,"1"
"374","Greater Sudbury","35580","Multiple visible minorities",14,20,0,0.78125,50,0,73612.098253275,73612.098253275,"1"
"375","Greater Sudbury","35580","Not a visible minority",15,2290,73612.098253275,89.453125,2.77172597434035,48815.2518984191,73612.098253275,0,"1"
"376","Thunder Bay","35595","Total - Visible minority",1,1850,65226.4432432432,100,2.94515641168511,43896.4569015008,67170.9294117647,1944.48616852148,"1"
"377","Thunder Bay","35595","Total visible minority population",2,115,0,6.21621621621622,4.68431771894094,19144.6217948718,67170.9294117647,67170.9294117647,"1"
"378","Thunder Bay","35595","South Asian",3,20,0,1.08108108108108,3.63636363636364,7782.03773584904,67170.9294117647,67170.9294117647,"1"
"379","Thunder Bay","35595","Chinese",4,20,0,1.08108108108108,5.55555555555556,0,67170.9294117647,67170.9294117647,"1"
"380","Thunder Bay","35595","Black",5,10,0,0.540540540540541,3.50877192982456,0,67170.9294117647,67170.9294117647,"1"
"381","Thunder Bay","35595","Filipino",6,0,NA,0,0,NA,67170.9294117647,NA,"1"
"382","Thunder Bay","35595","Latin American",7,0,NA,0,0,NA,67170.9294117647,NA,"1"
"383","Thunder Bay","35595","Arab",8,0,NA,0,0,NA,67170.9294117647,NA,"1"
"384","Thunder Bay","35595","Southeast Asian",9,0,NA,0,0,NA,67170.9294117647,NA,"1"
"385","Thunder Bay","35595","West Asian",10,0,NA,0,0,NA,67170.9294117647,NA,"1"
"386","Thunder Bay","35595","Korean",11,0,NA,0,0,NA,67170.9294117647,NA,"1"
"387","Thunder Bay","35595","Japanese",12,10,0,0.540540540540541,6.25,0,67170.9294117647,67170.9294117647,"1"
"388","Thunder Bay","35595","Visible minority, n.i.e.",13,0,NA,0,0,NA,67170.9294117647,NA,"1"
"389","Thunder Bay","35595","Multiple visible minorities",14,0,NA,0,0,NA,67170.9294117647,NA,"1"
"390","Thunder Bay","35595","Not a visible minority",15,1700,67170.9294117647,91.8918918918919,2.82134262716787,44014.9747246179,67170.9294117647,0,"1"
"391","Winnipeg","46602","Total - Visible minority",1,18260,74475.9501642935,100,4.32235386017446,45901.1705488687,78701.8881697231,4225.93800542956,"1"
"392","Winnipeg","46602","Total visible minority population",2,4345,59023.7146144994,23.7951807228916,4.16746595050834,33789.992443577,78701.8881697231,19678.1735552237,"1"
"393","Winnipeg","46602","South Asian",3,1030,56483.8446601942,5.6407447973713,5.26181353767561,26433.1064977082,78701.8881697231,22218.0435095289,"1"
"394","Winnipeg","46602","Chinese",4,705,54180.7234042553,3.86089813800657,7.34757686294945,25948.2452193475,78701.8881697231,24521.1647654678,"1"
"395","Winnipeg","46602","Black",5,450,36258.3888888889,2.46440306681271,3.48432055749129,26320.2017649418,78701.8881697231,42443.4992808342,"1"
"396","Winnipeg","46602","Filipino",6,1425,48219.0385964912,7.8039430449069,3.25788751714678,32502.1894127378,78701.8881697231,30482.8495732319,"1"
"397","Winnipeg","46602","Latin American",7,250,20439.02,1.36911281489595,5.720823798627,15815.5388349515,78701.8881697231,58262.8681697231,"1"
"398","Winnipeg","46602","Arab",8,70,0,0.383351588170865,5.05415162454874,26511.5323193916,78701.8881697231,78701.8881697231,"1"
"399","Winnipeg","46602","Southeast Asian",9,145,0,0.794085432639649,3.34101382488479,17281.7628128724,78701.8881697231,78701.8881697231,"1"
"400","Winnipeg","46602","West Asian",10,60,0,0.328587075575027,5.33333333333333,5053.67605633801,78701.8881697231,78701.8881697231,"1"
"401","Winnipeg","46602","Korean",11,55,0,0.301204819277108,2.87206266318538,9972.58064516133,78701.8881697231,78701.8881697231,"1"
"402","Winnipeg","46602","Japanese",12,45,0,0.246440306681271,6.08108108108108,1720.74820143881,78701.8881697231,78701.8881697231,"1"
"403","Winnipeg","46602","Visible minority, n.i.e.",13,30,0,0.164293537787514,2.1978021978022,10732.8277153558,78701.8881697231,78701.8881697231,"1"
"404","Winnipeg","46602","Multiple visible minorities",14,160,14968.25,0.876232201533406,5.41455160744501,12312.4973166368,78701.8881697231,63733.6381697231,"1"
"405","Winnipeg","46602","Not a visible minority",15,13905,78701.8881697231,76.1500547645126,4.36975582162723,49587.9995399353,78701.8881697231,0,"1"
"406","Regina","47705","Total - Visible minority",1,7310,83311.4815321477,100,5.45624183616346,52863.7725496388,85889.2632933105,2577.7817611628,"1"
"407","Regina","47705","Total visible minority population",2,1560,63775.9070512821,21.3406292749658,7.09574710029566,33068.5167686659,85889.2632933105,22113.3562420285,"1"
"408","Regina","47705","South Asian",3,670,55262.3656716418,9.16552667578659,10,24670.9485903814,85889.2632933105,30626.8976216687,"1"
"409","Regina","47705","Chinese",4,340,38805.2794117647,4.65116279069767,12.0353982300885,16531.1951710262,85889.2632933105,47083.9838815458,"1"
"410","Regina","47705","Black",5,140,0,1.91518467852257,4.57516339869281,17073.0976027397,85889.2632933105,85889.2632933105,"1"
"411","Regina","47705","Filipino",6,80,0,1.09439124487004,1.53846153846154,30175.3671875,85889.2632933105,85889.2632933105,"1"
"412","Regina","47705","Latin American",7,85,0,1.16279069767442,10.3030303030303,5458.14864864864,85889.2632933105,85889.2632933105,"1"
"413","Regina","47705","Arab",8,40,0,0.547195622435021,12.6984126984127,0,85889.2632933105,85889.2632933105,"1"
"414","Regina","47705","Southeast Asian",9,55,0,0.752393980848153,3.52564102564103,13878.3754152824,85889.2632933105,85889.2632933105,"1"
"415","Regina","47705","West Asian",10,10,0,0.136798905608755,2.1505376344086,0,85889.2632933105,85889.2632933105,"1"
"416","Regina","47705","Korean",11,20,0,0.27359781121751,6.89655172413793,14550.9074074074,85889.2632933105,85889.2632933105,"1"
"417","Regina","47705","Japanese",12,10,0,0.136798905608755,7.14285714285714,0,85889.2632933105,85889.2632933105,"1"
"418","Regina","47705","Visible minority, n.i.e.",13,20,0,0.27359781121751,8.16326530612245,0,85889.2632933105,85889.2632933105,"1"
"419","Regina","47705","Multiple visible minorities",14,20,0,0.27359781121751,5.88235294117647,964.03125,85889.2632933105,85889.2632933105,"1"
"420","Regina","47705","Not a visible minority",15,5830,85889.2632933105,79.7537619699042,5.20651931234651,55473.9653304443,85889.2632933105,0,"1"
"421","Saskatoon","47725","Total - Visible minority",1,6325,81613.9675889328,100,3.7964046697278,51029.3309208883,82689.2915451895,1075.32395625665,"1"
"422","Saskatoon","47725","Total visible minority population",2,1180,66049.0381355932,18.6561264822134,4.62654381493825,31823.3650565261,82689.2915451895,16640.2534095962,"1"
"423","Saskatoon","47725","South Asian",3,425,54744.4705882353,6.71936758893281,6.33855331841909,24450.6464968153,82689.2915451895,27944.8209569542,"1"
"424","Saskatoon","47725","Chinese",4,345,41639.7101449275,5.45454545454545,8.72313527180784,17136.175900277,82689.2915451895,41049.5814002619,"1"
"425","Saskatoon","47725","Black",5,90,0,1.42292490118577,3.54330708661417,14002.693877551,82689.2915451895,82689.2915451895,"1"
"426","Saskatoon","47725","Filipino",6,130,0,2.05533596837945,1.88405797101449,27762.4335302806,82689.2915451895,82689.2915451895,"1"
"427","Saskatoon","47725","Latin American",7,50,0,0.790513833992095,3.96825396825397,7301.7933884298,82689.2915451895,82689.2915451895,"1"
"428","Saskatoon","47725","Arab",8,25,0,0.395256916996047,3.4965034965035,1809.71014492749,82689.2915451895,82689.2915451895,"1"
"429","Saskatoon","47725","Southeast Asian",9,50,0,0.790513833992095,3.63636363636364,10574.2603773585,82689.2915451895,82689.2915451895,"1"
"430","Saskatoon","47725","West Asian",10,55,0,0.869565217391304,7.28476821192053,2710.53571428568,82689.2915451895,82689.2915451895,"1"
"431","Saskatoon","47725","Korean",11,0,NA,0,0,NA,82689.2915451895,NA,"1"
"432","Saskatoon","47725","Japanese",12,10,0,0.158102766798419,6.25,0,82689.2915451895,82689.2915451895,"1"
"433","Saskatoon","47725","Visible minority, n.i.e.",13,0,NA,0,0,NA,82689.2915451895,NA,"1"
"434","Saskatoon","47725","Multiple visible minorities",14,0,NA,0,0,NA,82689.2915451895,NA,"1"
"435","Saskatoon","47725","Not a visible minority",15,5145,82689.2915451895,81.3438735177866,3.64751338130516,53515.9978294459,82689.2915451895,0,"1"
"436","Lethbridge","48810","Total - Visible minority",1,1245,60224.7510040161,100,1.96341271092888,45219.8146867208,58785.2764976958,-1439.47450632024,"1"
"437","Lethbridge","48810","Total visible minority population",2,165,11386.0606060606,13.2530120481928,2.50379362670713,24439.5019455253,58785.2764976958,47399.2158916352,"1"
"438","Lethbridge","48810","South Asian",3,40,0,3.21285140562249,3.23886639676113,10645.1631799163,58785.2764976958,58785.2764976958,"1"
"439","Lethbridge","48810","Chinese",4,20,0,1.60642570281124,2.94117647058824,1786.1742424242,58785.2764976958,58785.2764976958,"1"
"440","Lethbridge","48810","Black",5,20,0,1.60642570281124,2.08333333333333,7871.45744680846,58785.2764976958,58785.2764976958,"1"
"441","Lethbridge","48810","Filipino",6,20,0,1.60642570281124,1.75438596491228,17764.0133928572,58785.2764976958,58785.2764976958,"1"
"442","Lethbridge","48810","Latin American",7,30,0,2.40963855421687,3.37078651685393,11279.5174418605,58785.2764976958,58785.2764976958,"1"
"443","Lethbridge","48810","Arab",8,0,NA,0,0,NA,58785.2764976958,NA,"1"
"444","Lethbridge","48810","Southeast Asian",9,0,NA,0,0,NA,58785.2764976958,NA,"1"
"445","Lethbridge","48810","West Asian",10,10,0,0.803212851405622,4.65116279069767,0,58785.2764976958,58785.2764976958,"1"
"446","Lethbridge","48810","Korean",11,10,0,0.803212851405622,10,10113.7777777778,58785.2764976958,58785.2764976958,"1"
"447","Lethbridge","48810","Japanese",12,20,0,1.60642570281124,2.7027027027027,4956.66666666663,58785.2764976958,58785.2764976958,"1"
"448","Lethbridge","48810","Visible minority, n.i.e.",13,0,NA,0,0,NA,58785.2764976958,NA,"1"
"449","Lethbridge","48810","Multiple visible minorities",14,20,0,1.60642570281124,15.3846153846154,0,58785.2764976958,58785.2764976958,"1"
"450","Lethbridge","48810","Not a visible minority",15,1085,58785.2764976958,87.14859437751,1.90384277943499,45732.6772202844,58785.2764976958,0,"1"
"451","Calgary","48825","Total - Visible minority",1,62180,115784.580411708,100,7.7785283594786,64674.5694519805,125351.448240031,9566.86782832332,"1"
"452","Calgary","48825","Total visible minority population",2,23655,99996.5436482773,38.0427790286266,9.53215667311412,45456.6508095588,125351.448240031,25354.9045917539,"1"
"453","Calgary","48825","South Asian",3,6680,99688.4708083832,10.7430041814088,10.7335100827509,43233.7875978759,125351.448240031,25662.977431648,"1"
"454","Calgary","48825","Chinese",4,7390,101303.769282815,11.8848504342232,15.0447882736156,51201.3864126527,125351.448240031,24047.6789572166,"1"
"455","Calgary","48825","Black",5,1540,91695.5422077922,2.47668060469604,5.75700934579439,36215.6001586672,125351.448240031,33655.906032239,"1"
"456","Calgary","48825","Filipino",6,1890,78137.0238095238,3.03956256030878,4.23766816143498,37567.9083352844,125351.448240031,47214.4244305074,"1"
"457","Calgary","48825","Latin American",7,1635,110367.74617737,2.62946284979093,9.80803839232154,37361.3784502826,125351.448240031,14983.7020626612,"1"
"458","Calgary","48825","Arab",8,1155,102463.415584416,1.85751045352203,10.8095460926533,26933.2072402939,125351.448240031,22888.0326556157,"1"
"459","Calgary","48825","Southeast Asian",9,835,78011.0179640719,1.3428755226761,6.49047804119705,29703.0415627598,125351.448240031,47340.4302759594,"1"
"460","Calgary","48825","West Asian",10,1095,82920.3287671233,1.76101640398842,16.2583518930958,22075.7384751773,125351.448240031,42431.119472908,"1"
"461","Calgary","48825","Korean",11,525,76292.7904761905,0.844322933419106,8.62777321281841,20326.5593525179,125351.448240031,49058.6577638408,"1"
"462","Calgary","48825","Japanese",12,250,42748.92,0.402058539723384,7.97448165869219,20357.0363951473,125351.448240031,82602.5282400313,"1"
"463","Calgary","48825","Visible minority, n.i.e.",13,125,0,0.201029269861692,5.30785562632696,12744.8408071749,125351.448240031,125351.448240031,"1"
"464","Calgary","48825","Multiple visible minorities",14,595,79517.0168067227,0.956899324541653,8.6797957695113,25403.6126198083,125351.448240031,45834.4314333086,"1"
"465","Calgary","48825","Not a visible minority",15,38495,125351.448240031,61.9089739466066,6.9844869817654,72969.5125474248,125351.448240031,0,"1"
"466","Edmonton","48835","Total - Visible minority",1,34205,95435.9039614091,100,4.54367332841838,58864.1623225717,100078.155826558,4642.25186514921,"1"
"467","Edmonton","48835","Total visible minority population",2,12095,86851.9578338156,35.3603274375091,6.15208545269583,44893.9787268637,100078.155826558,13226.1979927427,"1"
"468","Edmonton","48835","South Asian",3,3790,82843.6398416887,11.0802514252302,7.71972705978206,42624.9234080124,100078.155826558,17234.5159848697,"1"
"469","Edmonton","48835","Chinese",4,3565,85176.7615708275,10.4224528577693,10.6784484049723,47003.4332662643,100078.155826558,14901.3942557309,"1"
"470","Edmonton","48835","Black",5,935,61591.0695187166,2.73351849144862,3.36330935251799,37057.6126930951,100078.155826558,38487.0863078418,"1"
"471","Edmonton","48835","Filipino",6,1050,66574.780952381,3.06972664815085,2.72126474018401,39576.8159051551,100078.155826558,33503.3748741774,"1"
"472","Edmonton","48835","Latin American",7,565,57285.5663716814,1.65180529162403,4.87699611566681,32183.5068058076,100078.155826558,42792.5894548769,"1"
"473","Edmonton","48835","Arab",8,615,75677.7479674797,1.79798275105979,6.09816559246406,29463.5892291446,100078.155826558,24400.4078590787,"1"
"474","Edmonton","48835","Southeast Asian",9,450,55554.1666666667,1.31559713492179,4.57317073170732,29685.2428115016,100078.155826558,44523.9891598917,"1"
"475","Edmonton","48835","West Asian",10,455,69051.1318681319,1.33021488086537,12.9445234708393,15640.6176470588,100078.155826558,31027.0239584265,"1"
"476","Edmonton","48835","Korean",11,165,0,0.482385616137992,4.16141235813367,21655.1039473685,100078.155826558,100078.155826558,"1"
"477","Edmonton","48835","Japanese",12,70,0,0.204648443210057,5.3639846743295,8582.51417004049,100078.155826558,100078.155826558,"1"
"478","Edmonton","48835","Visible minority, n.i.e.",13,75,0,0.219266189153633,3.73134328358209,10283.0852713179,100078.155826558,100078.155826558,"1"
"479","Edmonton","48835","Multiple visible minorities",14,345,49281.347826087,1.00862447010671,6.57142857142857,19739.3924566768,100078.155826558,50796.8080004714,"1"
"480","Edmonton","48835","Not a visible minority",15,22140,100078.155826558,64.7273790381523,3.97975966853312,63571.4193475922,100078.155826558,0,"1"
"481","Kelowna","59915","Total - Visible minority",1,3290,64340.0896656535,100,3.18783004699385,43762.1750487915,61131.8300000001,-3208.25966565342,"1"
"482","Kelowna","59915","Total visible minority population",2,310,25534.5322580645,9.42249240121581,3.79204892966361,22653.500317864,61131.8300000001,35597.2977419356,"1"
"483","Kelowna","59915","South Asian",3,50,0,1.51975683890578,2.36406619385343,16262.1694915254,61131.8300000001,61131.8300000001,"1"
"484","Kelowna","59915","Chinese",4,85,0,2.58358662613982,7.58928571428571,9530.51690821256,61131.8300000001,61131.8300000001,"1"
"485","Kelowna","59915","Black",5,20,0,0.60790273556231,2.98507462686567,4145.56923076918,61131.8300000001,61131.8300000001,"1"
"486","Kelowna","59915","Filipino",6,50,0,1.51975683890578,4.46428571428571,19426.1401869159,61131.8300000001,61131.8300000001,"1"
"487","Kelowna","59915","Latin American",7,40,0,1.21580547112462,6.06060606060606,2919.12903225806,61131.8300000001,61131.8300000001,"1"
"488","Kelowna","59915","Arab",8,0,NA,0,0,NA,61131.8300000001,NA,"1"
"489","Kelowna","59915","Southeast Asian",9,0,NA,0,0,NA,61131.8300000001,NA,"1"
"490","Kelowna","59915","West Asian",10,0,NA,0,0,NA,61131.8300000001,NA,"1"
"491","Kelowna","59915","Korean",11,10,0,0.303951367781155,3.2258064516129,8865.3666666667,61131.8300000001,61131.8300000001,"1"
"492","Kelowna","59915","Japanese",12,0,NA,0,0,NA,61131.8300000001,NA,"1"
"493","Kelowna","59915","Visible minority, n.i.e.",13,10,0,0.303951367781155,8,0,61131.8300000001,61131.8300000001,"1"
"494","Kelowna","59915","Multiple visible minorities",14,10,0,0.303951367781155,4.16666666666667,0,61131.8300000001,61131.8300000001,"1"
"495","Kelowna","59915","Not a visible minority",15,3000,61131.8300000001,91.1854103343465,3.15889228177319,44438.2229531369,61131.8300000001,0,"1"
"496","Abbotsford - Mission","59932","Total - Visible minority",1,1855,56780.7250673854,100,1.99612611643172,40416.5151797968,59110.9503311259,2330.22526374043,"1"
"497","Abbotsford - Mission","59932","Total visible minority population",2,340,33969.7647058823,18.3288409703504,1.29499143020377,27216.735288443,59110.9503311259,25141.1856252435,"1"
"498","Abbotsford - Mission","59932","South Asian",3,185,7430.75675675676,9.97304582210243,0.926389584376565,25451.6815769522,59110.9503311259,51680.1935743691,"1"
"499","Abbotsford - Mission","59932","Chinese",4,50,0,2.69541778975741,4.44444444444444,1879.26046511624,59110.9503311259,59110.9503311259,"1"
"500","Abbotsford - Mission","59932","Black",5,10,0,0.539083557951482,1.38888888888889,7697.43661971833,59110.9503311259,59110.9503311259,"1"
"501","Abbotsford - Mission","59932","Filipino",6,25,0,1.34770889487871,2.41545893719807,15275.8910891089,59110.9503311259,59110.9503311259,"1"
"502","Abbotsford - Mission","59932","Latin American",7,10,0,0.539083557951482,1.11731843575419,4337.89830508479,59110.9503311259,59110.9503311259,"1"
"503","Abbotsford - Mission","59932","Arab",8,0,NA,0,0,NA,59110.9503311259,NA,"1"
"504","Abbotsford - Mission","59932","Southeast Asian",9,0,NA,0,0,NA,59110.9503311259,NA,"1"
"505","Abbotsford - Mission","59932","West Asian",10,0,NA,0,0,NA,59110.9503311259,NA,"1"
"506","Abbotsford - Mission","59932","Korean",11,20,0,1.07816711590296,3.63636363636364,8431.48113207542,59110.9503311259,59110.9503311259,"1"
"507","Abbotsford - Mission","59932","Japanese",12,0,NA,0,0,NA,59110.9503311259,NA,"1"
"508","Abbotsford - Mission","59932","Visible minority, n.i.e.",13,0,NA,0,0,NA,59110.9503311259,NA,"1"
"509","Abbotsford - Mission","59932","Multiple visible minorities",14,0,NA,0,0,NA,59110.9503311259,NA,"1"
"510","Abbotsford - Mission","59932","Not a visible minority",15,1510,59110.9503311259,81.4016172506739,2.25794392523364,43863.6469058364,59110.9503311259,0,"1"
"511","Vancouver","59933","Total - Visible minority",1,79785,80615.3651688914,100,6.0185569343341,47926.7096715936,87342.051724138,6726.68655524658,"1"
"512","Vancouver","59933","Total visible minority population",2,37710,73111.6714399364,47.2645234066554,6.26896190579102,38312.3217487696,87342.051724138,14230.3802842016,"1"
"513","Vancouver","59933","South Asian",3,6960,73166.5833333333,8.72344425643918,4.59284677312921,38517.9524138885,87342.051724138,14175.4683908046,"1"
"514","Vancouver","59933","Chinese",4,19035,74724.3682689782,23.8578680203046,8.55006063872793,39344.5945136177,87342.051724138,12617.6834551598,"1"
"515","Vancouver","59933","Black",5,585,34580.1111111111,0.733220530174845,3.91173520561685,28588.0483646486,87342.051724138,52761.9406130269,"1"
"516","Vancouver","59933","Filipino",6,2675,62305.7177570093,3.3527605439619,3.42268568869554,36093.758081611,87342.051724138,25036.3339671286,"1"
"517","Vancouver","59933","Latin American",7,1395,62207.8315412186,1.74844895657078,6.70350792888035,28728.4426989441,87342.051724138,25134.2201829193,"1"
"518","Vancouver","59933","Arab",8,560,65457,0.701886319483612,9.68858131487889,19234.341954023,87342.051724138,21885.051724138,"1"
"519","Vancouver","59933","Southeast Asian",9,1005,56238.4676616915,1.25963526978755,4.01037509976057,27867.6451881105,87342.051724138,31103.5840624464,"1"
"520","Vancouver","59933","West Asian",10,2275,60932.0681318681,2.85141317290217,9.60320810468552,28935.3621293486,87342.051724138,26409.9835922698,"1"
"521","Vancouver","59933","Korean",11,1255,48228.6055776892,1.57297737669988,5.07583417593529,28444.290157648,87342.051724138,39113.4461464487,"1"
"522","Vancouver","59933","Japanese",12,735,53445.5578231293,0.921225794322241,4.76653696498054,35554.4909771876,87342.051724138,33896.4939010087,"1"
"523","Vancouver","59933","Visible minority, n.i.e.",13,135,0,0.169204737732657,4.00593471810089,15320.9428129829,87342.051724138,87342.051724138,"1"
"524","Vancouver","59933","Multiple visible minorities",14,1080,58405.162037037,1.35363790186125,6.93864439447478,30978.9092164307,87342.051724138,28936.8896871009,"1"
"525","Vancouver","59933","Not a visible minority",15,42050,87342.051724138,52.7041423826534,5.80680798177173,55818.3029687728,87342.051724138,0,"1"
"526","Victoria","59935","Total - Visible minority",1,10815,73176.0684234859,100,5.45936395759717,44730.6302426782,73351.8562019758,175.787778489947,"1"
"527","Victoria","59935","Total visible minority population",2,1740,66603.2844827586,16.0887656033287,6.66411336652624,33672.3104226508,73351.8562019758,6748.57171921722,"1"
"528","Victoria","59935","South Asian",3,410,38030.4756097561,3.79103097549699,7.26306465899026,23503.2263610315,73351.8562019758,35321.3805922197,"1"
"529","Victoria","59935","Chinese",4,725,50973.8827586207,6.7036523347203,9.33676754668384,26145.9950284091,73351.8562019758,22377.9734433551,"1"
"530","Victoria","59935","Black",5,75,37704.5333333333,0.693481276005548,4.22535211267606,11190.0264705883,73351.8562019758,35647.3228686425,"1"
"531","Victoria","59935","Filipino",6,75,0,0.693481276005548,1.953125,23528.6268260293,73351.8562019758,73351.8562019758,"1"
"532","Victoria","59935","Latin American",7,95,21470.2105263158,0.878409616273694,6.46258503401361,7064.1709090909,73351.8562019758,51881.6456756601,"1"
"533","Victoria","59935","Arab",8,30,0,0.277392510402219,7.31707317073171,9062,73351.8562019758,73351.8562019758,"1"
"534","Victoria","59935","Southeast Asian",9,55,0,0.508552935737402,3.7037037037037,12729.3881118881,73351.8562019758,73351.8562019758,"1"
"535","Victoria","59935","West Asian",10,30,0,0.277392510402219,4.47761194029851,4480.953125,73351.8562019758,73351.8562019758,"1"
"536","Victoria","59935","Korean",11,45,0,0.416088765603329,4.78723404255319,8170.63687150832,73351.8562019758,73351.8562019758,"1"
"537","Victoria","59935","Japanese",12,70,0,0.647249190938511,5.88235294117647,3511.65625,73351.8562019758,73351.8562019758,"1"
"538","Victoria","59935","Visible minority, n.i.e.",13,0,NA,0,0,NA,73351.8562019758,NA,"1"
"539","Victoria","59935","Multiple visible minorities",14,20,0,0.184928340268146,3.2,982.487603305839,73351.8562019758,73351.8562019758,"1"
"540","Victoria","59935","Not a visible minority",15,9110,73351.8562019758,84.2348589921405,5.29528016740293,45551.7842018044,73351.8562019758,0,"1"
